timestamp,f0_Hz,rms_dB,peaks,N_est,note
2026-09-27T12:00:00.000Z,2020.096,-29.80,3,13,detuned ~2041
2026-09-27T12:00:01.000Z,2022.619,-29.39,6,13,detuned ~2041
2026-09-27T12:00:02.000Z,2015.114,-30.40,5,13,detuned ~2041
2026-09-27T12:00:03.000Z,2013.615,-31.64,5,13,detuned ~2041
2026-09-27T12:00:04.000Z,2020.624,-30.19,3,13,detuned ~2041
2026-09-27T12:00:05.000Z,2019.419,-32.45,4,13,detuned ~2041
2026-09-27T12:00:06.000Z,2013.624,-31.53,4,13,detuned ~2041
2026-09-27T12:00:07.000Z,2020.400,-29.49,3,13,detuned ~2041
2026-09-27T12:00:08.000Z,2014.478,-33.06,5,13,detuned ~2041
2026-09-27T12:00:09.000Z,2016.715,-32.91,5,13,detuned ~2041
2026-09-27T12:00:10.000Z,2014.264,-31.00,6,13,detuned ~2041
2026-09-27T12:00:11.000Z,2013.357,-32.59,5,13,detuned ~2041
2026-09-27T12:00:12.000Z,2021.211,-31.31,6,13,detuned ~2041
2026-09-27T12:00:13.000Z,2016.206,-28.81,4,13,detuned ~2041
